,category,subcategory,topic,url
0,movie,action,John Wick: Chapter 3 - Parabellum,https://www.imdb.com/title/tt6146586/
1,movie,action,Avengers: Endgame,https://www.imdb.com/title/tt4154796/
2,movie,action,Terminator: Dark Fate,https://www.imdb.com/title/tt6450804/
3,movie,action,Pokémon Detective Pikachu,https://www.imdb.com/title/tt5884052/
4,movie,action,John Wick,https://www.imdb.com/title/tt2911666/
5,movie,action,Godzilla: King of the Monsters,https://www.imdb.com/title/tt3741700/
6,movie,action,John Wick: Chapter 2,https://www.imdb.com/title/tt4425200/
7,movie,action,Spider-Man: Far from Home,https://www.imdb.com/title/tt6320628/
8,movie,action,Dark Phoenix,https://www.imdb.com/title/tt6565702/
9,movie,action,See You Yesterday,https://www.imdb.com/title/tt8743064/
10,movie,action,Avengers: Infinity War,https://www.imdb.com/title/tt4154756/
11,movie,action,Rim of the World,https://www.imdb.com/title/tt8179388/
12,movie,action,Shazam!,https://www.imdb.com/title/tt0448115/
13,movie,action,Men in Black: International,https://www.imdb.com/title/tt2283336/
14,movie,action,Captain Marvel,https://www.imdb.com/title/tt4154664/
15,movie,action,Cold Pursuit,https://www.imdb.com/title/tt5719748/
16,movie,action,Angel Has Fallen,https://www.imdb.com/title/tt6189022/
17,movie,action,Rambo V: Last Blood,https://www.imdb.com/title/tt1206885/
18,movie,action,Star Wars: The Rise of Skywalker,https://www.imdb.com/title/tt2527338/
19,movie,action,Aquaman,https://www.imdb.com/title/tt1477834/
20,movie,action,Spider-Man: Into the Spider-Verse,https://www.imdb.com/title/tt4633694/
21,movie,action,Rush,https://www.imdb.com/title/tt1979320/
22,movie,action,Charlie's Angels,https://www.imdb.com/title/tt5033998/
23,movie,action,Terminator Genisys,https://www.imdb.com/title/tt1340138/
24,movie,action,How to Train Your Dragon: The Hidden World,https://www.imdb.com/title/tt2386490/
25,movie,action,Thor: Ragnarok,https://www.imdb.com/title/tt3501632/
26,movie,action,Tenet,https://www.imdb.com/title/tt6723592/
27,movie,action,The Matrix,https://www.imdb.com/title/tt0133093/
28,movie,action,The Batman,https://www.imdb.com/title/tt1877830/
29,movie,action,Maria,https://www.imdb.com/title/tt7594584/
30,movie,action,Solo: A Star Wars Story,https://www.imdb.com/title/tt3778644/
31,movie,action,Sonic the Hedgehog,https://www.imdb.com/title/tt3794354/
32,movie,action,Deadpool 2,https://www.imdb.com/title/tt5463162/
33,movie,action,Predator,https://www.imdb.com/title/tt3829266/
34,movie,action,Spider-Man: Homecoming,https://www.imdb.com/title/tt2250912/
35,movie,action,Zombieland: Double Tap,https://www.imdb.com/title/tt1560220/
36,movie,action,Avengers: Age of Ultron,https://www.imdb.com/title/tt2395427/
37,movie,action,X-Men: Apocalypse,https://www.imdb.com/title/tt3385516/
38,movie,action,Guardians of the Galaxy,https://www.imdb.com/title/tt2015381/
39,movie,action,Mission: Impossible - Fallout,https://www.imdb.com/title/tt4912910/
40,movie,action,John Carter,https://www.imdb.com/title/tt0401729/
41,movie,action,Black Panther,https://www.imdb.com/title/tt1825683/
42,movie,action,Suicide Squad,https://www.imdb.com/title/tt1386697/
43,movie,action,The Avengers,https://www.imdb.com/title/tt0848228/
44,movie,action,Fast & Furious Presents: Hobbs & Shaw,https://www.imdb.com/title/tt6806448/
45,movie,action,Godzilla,https://www.imdb.com/title/tt0831387/
46,movie,action,Shadow,https://www.imdb.com/title/tt6864046/
47,movie,action,Terminator 2: Judgment Day,https://www.imdb.com/title/tt0103064/
48,movie,action,The Lego Movie 2: The Second Part,https://www.imdb.com/title/tt3513498/
49,movie,action,Escape Room,https://www.imdb.com/title/tt5886046/
50,movie,comedy,Aladdin,https://www.imdb.com/title/tt6139732/
51,movie,comedy,Pokémon Detective Pikachu,https://www.imdb.com/title/tt5884052/
52,movie,comedy,Booksmart,https://www.imdb.com/title/tt1489887/
53,movie,comedy,Spider-Man: Far from Home,https://www.imdb.com/title/tt6320628/
54,movie,comedy,The Professor,https://www.imdb.com/title/tt6865690/
55,movie,comedy,Wine Country,https://www.imdb.com/title/tt8169446/
56,movie,comedy,Student of the Year 2,https://www.imdb.com/title/tt7255568/
57,movie,comedy,Rim of the World,https://www.imdb.com/title/tt8179388/
58,movie,comedy,Shazam!,https://www.imdb.com/title/tt0448115/
59,movie,comedy,Long Shot,https://www.imdb.com/title/tt2139881/
60,movie,comedy,Toy Story 4,https://www.imdb.com/title/tt1979376/
61,movie,comedy,Men in Black: International,https://www.imdb.com/title/tt2283336/
62,movie,comedy,The Hustle,https://www.imdb.com/title/tt1298644/
63,movie,comedy,Fighting with My Family,https://www.imdb.com/title/tt6513120/
64,movie,comedy,A Dog's Journey,https://www.imdb.com/title/tt8385474/
65,movie,comedy,Charlie's Angels,https://www.imdb.com/title/tt5033998/
66,movie,comedy,The Secret Life of Pets 2,https://www.imdb.com/title/tt5113040/
67,movie,comedy,Aladdin,https://www.imdb.com/title/tt0103639/
68,movie,comedy,How to Train Your Dragon: The Hidden World,https://www.imdb.com/title/tt2386490/
69,movie,comedy,The Dead Don't Die,https://www.imdb.com/title/tt8695030/
70,movie,comedy,Thor: Ragnarok,https://www.imdb.com/title/tt3501632/
71,movie,comedy,The Upside,https://www.imdb.com/title/tt1987680/
72,movie,comedy,Green Book,https://www.imdb.com/title/tt6966692/
73,movie,comedy,Deadpool 2,https://www.imdb.com/title/tt5463162/
74,movie,comedy,Zombieland: Double Tap,https://www.imdb.com/title/tt1560220/
75,movie,comedy,Crazy Rich Asians,https://www.imdb.com/title/tt3104988/
76,movie,comedy,The Art of Racing in the Rain,https://www.imdb.com/title/tt1478839/
77,movie,comedy,Guardians of the Galaxy,https://www.imdb.com/title/tt2015381/
78,movie,comedy,Smallfoot,https://www.imdb.com/title/tt6182908/
79,movie,comedy,The Lego Movie 2: The Second Part,https://www.imdb.com/title/tt3513498/
80,movie,comedy,Isn't It Romantic,https://www.imdb.com/title/tt2452244/
81,movie,comedy,The Goonies,https://www.imdb.com/title/tt0089218/
82,movie,comedy,Yesterday,https://www.imdb.com/title/tt8079248/
83,movie,comedy,The Last Summer,https://www.imdb.com/title/tt7957694/
84,movie,comedy,Guardians of the Galaxy Vol. 2,https://www.imdb.com/title/tt3896198/
85,movie,comedy,The Dirt,https://www.imdb.com/title/tt0800325/
86,movie,comedy,Night School,https://www.imdb.com/title/tt6781982/
87,movie,comedy,Baywatch,https://www.imdb.com/title/tt1469304/
88,movie,comedy,Catch-22,https://www.imdb.com/title/tt0065528/
89,movie,comedy,Ocean's Eight,https://www.imdb.com/title/tt5164214/
90,movie,comedy,Mary Poppins Returns,https://www.imdb.com/title/tt5028340/
91,movie,comedy,Good Sam,https://www.imdb.com/title/tt9032888/
92,movie,comedy,De De Pyaar De,https://www.imdb.com/title/tt8647400/
93,movie,comedy,Deadpool,https://www.imdb.com/title/tt1431045/
94,movie,comedy,Someone Great,https://www.imdb.com/title/tt8075260/
95,movie,comedy,Vice,https://www.imdb.com/title/tt6266538/
96,movie,comedy,Ant-Man and the Wasp,https://www.imdb.com/title/tt5095030/
97,movie,comedy,Mamma Mia! Here We Go Again,https://www.imdb.com/title/tt6911608/
98,movie,comedy,What Men Want,https://www.imdb.com/title/tt7634968/
99,movie,comedy,Iron Sky. Inwazja,https://www.imdb.com/title/tt3038708/
100,tv_series,music,Fosse/Verdon,https://www.imdb.com/title/tt8746478/
101,tv_series,music,Glee,https://www.imdb.com/title/tt1327801/
102,tv_series,music,Saturday Night Live,https://www.imdb.com/title/tt0072562/
103,tv_series,music,Empire,https://www.imdb.com/title/tt3228904/
104,tv_series,music,Atlanta,https://www.imdb.com/title/tt4288182/
105,tv_series,music,Nashville,https://www.imdb.com/title/tt2281375/
106,tv_series,music,Rowan & Martin's Laugh-In,https://www.imdb.com/title/tt0062601/
107,tv_series,music,Star,https://www.imdb.com/title/tt4941240/
108,tv_series,music,Happy Days,https://www.imdb.com/title/tt0070992/
109,tv_series,music,Wu-Tang Clan: Of Mics and Men,https://www.imdb.com/title/tt9376934/
110,tv_series,music,Ally McBeal,https://www.imdb.com/title/tt0118254/
111,tv_series,music,Hannah Montana,https://www.imdb.com/title/tt0493093/
112,tv_series,music,Victorious,https://www.imdb.com/title/tt1604099/
113,tv_series,music,The Voice,https://www.imdb.com/title/tt1839337/
114,tv_series,music,Sesame Street,https://www.imdb.com/title/tt0063951/
115,tv_series,music,Flight of the Conchords,https://www.imdb.com/title/tt0863046/
116,tv_series,music,Mozart in the Jungle,https://www.imdb.com/title/tt3502172/
117,tv_series,music,Vinyl,https://www.imdb.com/title/tt3186130/
118,tv_series,music,Austin & Ally,https://www.imdb.com/title/tt1830491/
119,tv_series,music,The Graham Norton Show,https://www.imdb.com/title/tt0924651/
120,tv_series,music,American Idol,https://www.imdb.com/title/tt0319931/
121,tv_series,music,All That,https://www.imdb.com/title/tt0111875/
122,tv_series,music,Soy Luna,https://www.imdb.com/title/tt5189554/
123,tv_series,music,The Get Down,https://www.imdb.com/title/tt4592410/
124,tv_series,music,The Partridge Family,https://www.imdb.com/title/tt0065333/
125,tv_series,music,Beat Shazam,https://www.imdb.com/title/tt6917254/
126,tv_series,music,Treme,https://www.imdb.com/title/tt1279972/
127,tv_series,music,Step Up: High Water,https://www.imdb.com/title/tt7369974/
128,tv_series,music,Find Me in Paris,https://www.imdb.com/title/tt7150060/
129,tv_series,music,Chappelle's Show,https://www.imdb.com/title/tt0353049/
130,tv_series,music,America's Got Talent,https://www.imdb.com/title/tt0759364/
131,tv_series,music,The Monkees,https://www.imdb.com/title/tt0060010/
132,tv_series,music,The Filthy Frank Show,https://www.imdb.com/title/tt4202274/
133,tv_series,music,Conan,https://www.imdb.com/title/tt1637574/
134,tv_series,music,Hee Haw,https://www.imdb.com/title/tt0063908/
135,tv_series,music,The Queen of Flow,https://www.imdb.com/title/tt8560918/
136,tv_series,music,The Lion Guard,https://www.imdb.com/title/tt3793630/
137,tv_series,music,LazyTown,https://www.imdb.com/title/tt0396991/
138,tv_series,music,The Tonight Show Starring Jimmy Fallon,https://www.imdb.com/title/tt3444938/
139,tv_series,music,Fame,https://www.imdb.com/title/tt0083412/
140,tv_series,music,Jonas,https://www.imdb.com/title/tt1044418/
141,tv_series,music,Beavis and Butt-Head,https://www.imdb.com/title/tt0105950/
142,tv_series,music,Jimmy Kimmel Live!,https://www.imdb.com/title/tt0320037/
143,tv_series,music,Dance Academy,https://www.imdb.com/title/tt1551948/
144,tv_series,music,Paradise City,https://www.imdb.com/title/tt4302062/
145,tv_series,music,The Muppet Show,https://www.imdb.com/title/tt0074028/
146,tv_series,music,Roadies,https://www.imdb.com/title/tt4270458/
147,tv_series,music,Mister Rogers' Neighborhood,https://www.imdb.com/title/tt0062588/
148,tv_series,music,Your Lie in April,https://www.imdb.com/title/tt3895150/
149,tv_series,music,Rebelde,https://www.imdb.com/title/tt0414766/
150,game,racing,Fatty Space,https://store.steampowered.com/app/1078930/Fatty_Space/?snr=1_tags_4__103
151,game,racing,Overlanders,https://store.steampowered.com/app/779450/Overlanders/?snr=1_tags_4__103
152,game,racing,Balancelot,https://store.steampowered.com/app/1035850/Balancelot/?snr=1_tags_4__103
153,game,racing,Team Sonic Racing™,https://store.steampowered.com/app/785260/Team_Sonic_Racing/?snr=1_tags_4__103
154,game,racing,UNDER the SAND - a road trip game,https://store.steampowered.com/app/1062960/UNDER_the_SAND__a_road_trip_game/?snr=1_tags_4__103
155,game,racing,Diesel Brothers: Truck Building Simulator,https://store.steampowered.com/app/750050/Diesel_Brothers_Truck_Building_Simulator/?snr=1_tags_4__103
156,game,racing,Open Wheel Manager,https://store.steampowered.com/app/1013960/Open_Wheel_Manager/?snr=1_tags_4__103
157,game,racing,Ride with The Reaper,https://store.steampowered.com/app/1058570/Ride_with_The_Reaper/?snr=1_tags_4__103
158,game,racing,Late City Riders,https://store.steampowered.com/app/1064150/Late_City_Riders/?snr=1_tags_4__103
159,game,racing,Descenders,https://store.steampowered.com/app/681280/Descenders/?snr=1_tags_4__103
160,game,racing,Drift86,https://store.steampowered.com/app/1070580/Drift86/?snr=1_tags_4__103
161,game,racing,My Stunt Life,https://store.steampowered.com/app/1045650/My_Stunt_Life/?snr=1_tags_4__103
162,game,racing,?????????Striker A Type Game Pack?,https://store.steampowered.com/app/1059860/Striker_A_Type_Game_Pack/?snr=1_tags_4__103
163,game,racing,To the Stars and Beyond!,https://store.steampowered.com/app/1069920/To_the_Stars_and_Beyond/?snr=1_tags_4__103
164,game,racing,Deep Race: Space,https://store.steampowered.com/app/1059160/Deep_Race_Space/?snr=1_tags_4__103
165,game,racing,Grand Theft Auto V,https://store.steampowered.com/app/271590/Grand_Theft_Auto_V/?snr=1_tags_4__104
166,game,racing,Assetto Corsa Ultimate Edition,https://store.steampowered.com/bundle/6998/Assetto_Corsa_Ultimate_Edition/?snr=1_tags_4__104
167,game,racing,Assetto Corsa,https://store.steampowered.com/app/244210/Assetto_Corsa/?snr=1_tags_4__104
168,game,racing,Grand Theft Auto V: Premium Online Edition,https://store.steampowered.com/bundle/5699/Grand_Theft_Auto_V_Premium_Online_Edition/?snr=1_tags_4__104
169,game,racing,BeamNG.drive,https://store.steampowered.com/app/284160/BeamNGdrive/?snr=1_tags_4__104
170,game,racing,DiRT Rally,https://store.steampowered.com/app/310560/DiRT_Rally/?snr=1_tags_4__104
171,game,racing,DiRT Rally 2.0,https://store.steampowered.com/app/690790/DiRT_Rally_20/?snr=1_tags_4__104
172,game,racing,Assetto Corsa Competizione,https://store.steampowered.com/app/805550/Assetto_Corsa_Competizione/?snr=1_tags_4__104
173,game,racing,Ride 2,https://store.steampowered.com/app/477770/Ride_2/?snr=1_tags_4__104
174,game,racing,LEGO® City Undercover,https://store.steampowered.com/app/578330/LEGO_City_Undercover/?snr=1_tags_4__104
175,game,racing,My Summer Car,https://store.steampowered.com/app/516750/My_Summer_Car/?snr=1_tags_4__104
176,game,racing,DiRT 4,https://store.steampowered.com/app/421020/DiRT_4/?snr=1_tags_4__104
177,game,racing,The FlatOut Anthology Pack,https://store.steampowered.com/bundle/4289/The_FlatOut_Anthology_Pack/?snr=1_tags_4__104
178,game,racing,Rocket League® Game of the Year Edition,https://store.steampowered.com/sub/140146/?snr=1_tags_4__104
179,game,racing,Car Mechanic Simulator 2015,https://store.steampowered.com/app/320300/Car_Mechanic_Simulator_2015/?snr=1_tags_4__104
180,game,racing,Grand Theft Auto V,https://store.steampowered.com/app/271590/Grand_Theft_Auto_V/?snr=1_tags_4__1454
181,game,racing,Rocket League®,https://store.steampowered.com/app/252950/Rocket_League/?snr=1_tags_4__1454
182,game,racing,Assetto Corsa,https://store.steampowered.com/app/244210/Assetto_Corsa/?snr=1_tags_4__1454
183,game,racing,GRID 2,https://store.steampowered.com/app/44350/GRID_2/?snr=1_tags_4__1454
184,game,racing,Crossout,https://store.steampowered.com/app/386180/Crossout/?snr=1_tags_4__1454
185,game,racing,F1 2018,https://store.steampowered.com/app/737800/F1_2018/?snr=1_tags_4__1454
186,game,racing,BeamNG.drive,https://store.steampowered.com/app/284160/BeamNGdrive/?snr=1_tags_4__1454
187,game,racing,Car Mechanic Simulator 2018,https://store.steampowered.com/app/645630/Car_Mechanic_Simulator_2018/?snr=1_tags_4__1454
188,game,racing,F1 2015,https://store.steampowered.com/app/286570/F1_2015/?snr=1_tags_4__1454
189,game,racing,TrackMania² Stadium,https://store.steampowered.com/app/232910/TrackMania_Stadium/?snr=1_tags_4__1454
190,game,racing,Mad Max,https://store.steampowered.com/app/234140/Mad_Max/?snr=1_tags_4__1454
191,game,racing,Project CARS 2,https://store.steampowered.com/app/378860/Project_CARS_2/?snr=1_tags_4__1454
192,game,racing,The Crew™ 2,https://store.steampowered.com/app/646910/The_Crew_2/?snr=1_tags_4__1454
193,game,racing,Motorsport Manager,https://store.steampowered.com/app/415200/Motorsport_Manager/?snr=1_tags_4__1454
194,game,racing,DiRT Rally 2.0,https://store.steampowered.com/app/690790/DiRT_Rally_20/?snr=1_tags_4__1454
195,game,racing,Byte Driver,https://store.steampowered.com/app/944300/Byte_Driver/?snr=1_tags_4__105
196,game,racing,Dude Simulator 5,https://store.steampowered.com/app/1086640/Dude_Simulator_5/?snr=1_tags_4__105
197,game,racing,Retro Pixel Racers,https://store.steampowered.com/app/1073040/Retro_Pixel_Racers/?snr=1_tags_4__105
198,game,racing,JetX Space Edition,https://store.steampowered.com/app/1073640/JetX_Space_Edition/?snr=1_tags_4__105
199,game,racing,Racing Fighters,https://store.steampowered.com/app/1056340/Racing_Fighters/?snr=1_tags_4__105
200,game,racing,Crumple Zone,https://store.steampowered.com/app/785760/Crumple_Zone/?snr=1_tags_4__105
201,game,racing,Razortron 2084,https://store.steampowered.com/app/1052650/Razortron_2084/?snr=1_tags_4__105
202,game,racing,VR Racing,https://store.steampowered.com/app/1018870/VR_Racing/?snr=1_tags_4__105
203,game,racing,Zero Zero Zero Zero,https://store.steampowered.com/app/639880/Zero_Zero_Zero_Zero/?snr=1_tags_4__105
204,game,racing,Transporter Truck Simulator,https://store.steampowered.com/app/1091570/Transporter_Truck_Simulator/?snr=1_tags_4__105
205,game,racing,Drone Spektra,https://store.steampowered.com/app/905390/Drone_Spektra/?snr=1_tags_4__105
206,game,racing,Wheelie King VR,https://store.steampowered.com/app/1079420/Wheelie_King_VR/?snr=1_tags_4__105
207,game,racing,Car Mechanic Flipper,https://store.steampowered.com/app/636790/Car_Mechanic_Flipper/?snr=1_tags_4__105
208,game,racing,Fromto,https://store.steampowered.com/app/916180/Fromto/?snr=1_tags_4__105
209,game,racing,RDS - The Official Drift Videogame,https://store.steampowered.com/app/934930/RDS__The_Official_Drift_Videogame/?snr=1_tags_4__105
210,game,simulation,Deep Diving Simulator,https://store.steampowered.com/app/990030/Deep_Diving_Simulator/?snr=1_tags_4__103
211,game,simulation,Railroad Corporation,https://store.steampowered.com/app/797400/Railroad_Corporation/?snr=1_tags_4__103
212,game,simulation,My House,https://store.steampowered.com/app/895060/My_House/?snr=1_tags_4__103
213,game,simulation,Constructor Plus,https://store.steampowered.com/app/898800/Constructor_Plus/?snr=1_tags_4__103
214,game,simulation,AntQueen 3D,https://store.steampowered.com/app/1058740/AntQueen_3D/?snr=1_tags_4__103
215,game,simulation,XERA: Survival,https://store.steampowered.com/app/625340/XERA_Survival/?snr=1_tags_4__103
216,game,simulation,China: Mao's legacy,https://store.steampowered.com/app/950740/China_Maos_legacy/?snr=1_tags_4__103
217,game,simulation,Interstellar Transport Company,https://store.steampowered.com/app/573490/Interstellar_Transport_Company/?snr=1_tags_4__103
218,game,simulation,ZELENSKY vs POROSHENKO: The Destiny of Ukraine,https://store.steampowered.com/app/1069320/ZELENSKY_vs_POROSHENKO_The_Destiny_of_Ukraine/?snr=1_tags_4__103
219,game,simulation,Fantasy Hero Manager,https://store.steampowered.com/app/1083850/Fantasy_Hero_Manager/?snr=1_tags_4__103
220,game,simulation,??-Reverse Memories-,https://store.steampowered.com/app/1036690/Reverse_Memories/?snr=1_tags_4__103
221,game,simulation,Gladiabots,https://store.steampowered.com/app/871930/Gladiabots/?snr=1_tags_4__103
222,game,simulation,Mechanic Miner,https://store.steampowered.com/app/745010/Mechanic_Miner/?snr=1_tags_4__103
223,game,simulation,"Sometimes to Deal with the Difficulty of Being Alive, I Need to Believe There Is a Possibility That Life Is Not Real.",https://store.steampowered.com/app/789380/Sometimes_to_Deal_with_the_Difficulty_of_Being_Alive_I_Need_to_Believe_There_Is_a_Possibility_That_Life_Is_Not_Real/?snr=1_tags_4__103
224,game,simulation,Sage Mountain,https://store.steampowered.com/app/1062850/Sage_Mountain/?snr=1_tags_4__103
225,game,simulation,Don't Starve Together,https://store.steampowered.com/app/322330/Dont_Starve_Together/?snr=1_tags_4__104
226,game,simulation,Assetto Corsa Ultimate Edition,https://store.steampowered.com/bundle/6998/Assetto_Corsa_Ultimate_Edition/?snr=1_tags_4__104
227,game,simulation,Assetto Corsa,https://store.steampowered.com/app/244210/Assetto_Corsa/?snr=1_tags_4__104
228,game,simulation,Factorio,https://store.steampowered.com/app/427520/Factorio/?snr=1_tags_4__104
229,game,simulation,XERA: Survival,https://store.steampowered.com/app/625340/XERA_Survival/?snr=1_tags_4__104
230,game,simulation,The Forest,https://store.steampowered.com/app/242760/The_Forest/?snr=1_tags_4__104
231,game,simulation,Don't Starve MEGA PACK PLUS,https://store.steampowered.com/bundle/9115/Dont_Starve_MEGA_PACK_PLUS/?snr=1_tags_4__104
232,game,simulation,Farming Simulator 19,https://store.steampowered.com/app/787860/Farming_Simulator_19/?snr=1_tags_4__104
233,game,simulation,RimWorld,https://store.steampowered.com/app/294100/RimWorld/?snr=1_tags_4__104
234,game,simulation,Deep Diving Simulator,https://store.steampowered.com/app/990030/Deep_Diving_Simulator/?snr=1_tags_4__104
235,game,simulation,Black Desert Online,https://store.steampowered.com/app/582660/Black_Desert_Online/?snr=1_tags_4__104
236,game,simulation,Garry's Mod,https://store.steampowered.com/app/4000/Garrys_Mod/?snr=1_tags_4__104
237,game,simulation,Euro Truck Simulator 2,https://store.steampowered.com/app/227300/Euro_Truck_Simulator_2/?snr=1_tags_4__104
238,game,simulation,Railroad Corporation,https://store.steampowered.com/app/797400/Railroad_Corporation/?snr=1_tags_4__104
239,game,simulation,60 Seconds!,https://store.steampowered.com/app/368360/60_Seconds/?snr=1_tags_4__104
240,game,simulation,Football Manager 2019,https://store.steampowered.com/app/872790/Football_Manager_2019/?snr=1_tags_4__1454
241,game,simulation,Garry's Mod,https://store.steampowered.com/app/4000/Garrys_Mod/?snr=1_tags_4__1454
242,game,simulation,Sid Meier’s Civilization® VI,https://store.steampowered.com/app/289070/Sid_Meiers_Civilization_VI/?snr=1_tags_4__1454
243,game,simulation,Euro Truck Simulator 2,https://store.steampowered.com/app/227300/Euro_Truck_Simulator_2/?snr=1_tags_4__1454
244,game,simulation,Arma 3,https://store.steampowered.com/app/107410/Arma_3/?snr=1_tags_4__1454
245,game,simulation,Cities: Skylines,https://store.steampowered.com/app/255710/Cities_Skylines/?snr=1_tags_4__1454
246,game,simulation,Hearts of Iron IV,https://store.steampowered.com/app/394360/Hearts_of_Iron_IV/?snr=1_tags_4__1454
247,game,simulation,War Thunder,https://store.steampowered.com/app/236390/War_Thunder/?snr=1_tags_4__1454
248,game,simulation,Stardew Valley,https://store.steampowered.com/app/413150/Stardew_Valley/?snr=1_tags_4__1454
249,game,simulation,Stellaris,https://store.steampowered.com/app/281990/Stellaris/?snr=1_tags_4__1454
250,game,simulation,Europa Universalis IV,https://store.steampowered.com/app/236850/Europa_Universalis_IV/?snr=1_tags_4__1454
251,game,simulation,Farming Simulator 19,https://store.steampowered.com/app/787860/Farming_Simulator_19/?snr=1_tags_4__1454
252,game,simulation,World of Tanks Blitz MMO,https://store.steampowered.com/app/444200/World_of_Tanks_Blitz_MMO/?snr=1_tags_4__1454
253,game,simulation,RimWorld,https://store.steampowered.com/app/294100/RimWorld/?snr=1_tags_4__1454
254,game,simulation,DayZ,https://store.steampowered.com/app/221100/DayZ/?snr=1_tags_4__1454
255,game,simulation,Saloon VR,https://store.steampowered.com/app/1014970/Saloon_VR/?snr=1_tags_4__105
256,game,simulation,H Chan: Girl,https://store.steampowered.com/app/1081090/H_Chan_Girl/?snr=1_tags_4__105
257,game,simulation,Blame Him,https://store.steampowered.com/app/950400/Blame_Him/?snr=1_tags_4__105
258,game,simulation,School Owner,https://store.steampowered.com/app/946670/School_Owner/?snr=1_tags_4__105
259,game,simulation,Rescue HQ - The Tycoon,https://store.steampowered.com/app/809720/Rescue_HQ__The_Tycoon/?snr=1_tags_4__105
260,game,simulation,The Language of Love,https://store.steampowered.com/app/1027620/The_Language_of_Love/?snr=1_tags_4__105
261,game,simulation,Grotesque Beauty - A Psychological Horror Text Adventure,https://store.steampowered.com/app/1056280/Grotesque_Beauty__A_Psychological_Horror_Text_Adventure/?snr=1_tags_4__105
262,game,simulation,Yume Puzzle,https://store.steampowered.com/app/1083990/Yume_Puzzle/?snr=1_tags_4__105
263,game,simulation,Between the Stars,https://store.steampowered.com/app/727130/Between_the_Stars/?snr=1_tags_4__105
264,game,simulation,Astronomy VR,https://store.steampowered.com/app/1062690/Astronomy_VR/?snr=1_tags_4__105
265,game,simulation,VICCP,https://store.steampowered.com/app/950700/VICCP/?snr=1_tags_4__105
266,game,simulation,996??????,https://store.steampowered.com/app/1086470/996/?snr=1_tags_4__105
267,game,simulation,Instinct: Survival,https://store.steampowered.com/app/1064790/Instinct_Survival/?snr=1_tags_4__105
268,game,simulation,Click Legends,https://store.steampowered.com/app/1082720/Click_Legends/?snr=1_tags_4__105
269,game,simulation,Conan Unconquered - Deluxe Edition,https://store.steampowered.com/sub/346688/?snr=1_tags_4__105
270,game,free%20to%20play,Minion Masters,https://store.steampowered.com/app/489520/Minion_Masters/?snr=1_200_4__103
271,game,free%20to%20play,???? OL / ???? ?? / Embrace the Three Kingdoms OL,https://store.steampowered.com/app/987450/_OL_____Embrace_the_Three_Kingdoms_OL/?snr=1_200_4__103
272,game,free%20to%20play,Tornado!,https://store.steampowered.com/app/1024980/Tornado/?snr=1_200_4__103
273,game,free%20to%20play,Feud,https://store.steampowered.com/app/863400/Feud/?snr=1_200_4__103
274,game,free%20to%20play,Dungeon Hunter 5,https://store.steampowered.com/app/982510/Dungeon_Hunter_5/?snr=1_200_4__103
275,game,free%20to%20play,BLOCKADE Classic,https://store.steampowered.com/app/1049800/BLOCKADE_Classic/?snr=1_200_4__103
276,game,free%20to%20play,SUPER RECOILFIGHT,https://store.steampowered.com/app/1063950/SUPER_RECOILFIGHT/?snr=1_200_4__103
277,game,free%20to%20play,Neon Boost,https://store.steampowered.com/app/1057850/Neon_Boost/?snr=1_200_4__103
278,game,free%20to%20play,Kaisuo,https://store.steampowered.com/app/1045590/Kaisuo/?snr=1_200_4__103
279,game,free%20to%20play,Pew Dew Redemption,https://store.steampowered.com/app/1063770/Pew_Dew_Redemption/?snr=1_200_4__103
280,game,free%20to%20play,Arena,https://store.steampowered.com/app/717300/Arena/?snr=1_200_4__103
281,game,free%20to%20play,The Defender: Farm and Castle,https://store.steampowered.com/app/1067600/The_Defender_Farm_and_Castle/?snr=1_200_4__103
282,game,free%20to%20play,Deuterium Wars,https://store.steampowered.com/app/455300/Deuterium_Wars/?snr=1_200_4__103
283,game,free%20to%20play,The Grandmaster,https://store.steampowered.com/app/1065350/The_Grandmaster/?snr=1_200_4__103
284,game,free%20to%20play,Bone Voyage,https://store.steampowered.com/app/1058370/Bone_Voyage/?snr=1_200_4__103
285,game,free%20to%20play,Counter-Strike: Global Offensive,https://store.steampowered.com/app/730/CounterStrike_Global_Offensive/?snr=1_200_4__104
286,game,free%20to%20play,Dota 2,https://store.steampowered.com/app/570/Dota_2/?snr=1_200_4__104
287,game,free%20to%20play,Warframe,https://store.steampowered.com/app/230410/Warframe/?snr=1_200_4__104
288,game,free%20to%20play,Path of Exile,https://store.steampowered.com/app/238960/Path_of_Exile/?snr=1_200_4__104
289,game,free%20to%20play,Team Fortress 2,https://store.steampowered.com/app/440/Team_Fortress_2/?snr=1_200_4__104
290,game,free%20to%20play,Paladins®,https://store.steampowered.com/app/444090/Paladins/?snr=1_200_4__104
291,game,free%20to%20play,War Thunder,https://store.steampowered.com/app/236390/War_Thunder/?snr=1_200_4__104
292,game,free%20to%20play,Fishing Planet,https://store.steampowered.com/app/380600/Fishing_Planet/?snr=1_200_4__104
293,game,free%20to%20play,Albion Online,https://store.steampowered.com/app/761890/Albion_Online/?snr=1_200_4__104
294,game,free%20to%20play,Warface,https://store.steampowered.com/app/291480/Warface/?snr=1_200_4__104
295,game,free%20to%20play,World of Tanks Blitz MMO,https://store.steampowered.com/app/444200/World_of_Tanks_Blitz_MMO/?snr=1_200_4__104
296,game,free%20to%20play,DCS World Steam Edition,https://store.steampowered.com/app/223750/DCS_World_Steam_Edition/?snr=1_200_4__104
297,game,free%20to%20play,Minion Masters,https://store.steampowered.com/app/489520/Minion_Masters/?snr=1_200_4__104
298,game,free%20to%20play,Realm of the Mad God,https://store.steampowered.com/app/200210/Realm_of_the_Mad_God/?snr=1_200_4__104
299,game,free%20to%20play,SMITE®,https://store.steampowered.com/app/386360/SMITE/?snr=1_200_4__104
300,game,free%20to%20play,Dota 2,https://store.steampowered.com/app/570/Dota_2/?snr=1_200_4__1454
301,game,free%20to%20play,Counter-Strike: Global Offensive,https://store.steampowered.com/app/730/CounterStrike_Global_Offensive/?snr=1_200_4__1454
302,game,free%20to%20play,Warframe,https://store.steampowered.com/app/230410/Warframe/?snr=1_200_4__1454
303,game,free%20to%20play,Team Fortress 2,https://store.steampowered.com/app/440/Team_Fortress_2/?snr=1_200_4__1454
304,game,free%20to%20play,Paladins®,https://store.steampowered.com/app/444090/Paladins/?snr=1_200_4__1454
305,game,free%20to%20play,War Thunder,https://store.steampowered.com/app/236390/War_Thunder/?snr=1_200_4__1454
306,game,free%20to%20play,Path of Exile,https://store.steampowered.com/app/238960/Path_of_Exile/?snr=1_200_4__1454
307,game,free%20to%20play,Unturned,https://store.steampowered.com/app/304930/Unturned/?snr=1_200_4__1454
308,game,free%20to%20play,World of Tanks Blitz MMO,https://store.steampowered.com/app/444200/World_of_Tanks_Blitz_MMO/?snr=1_200_4__1454
309,game,free%20to%20play,Ring of Elysium,https://store.steampowered.com/app/755790/Ring_of_Elysium/?snr=1_200_4__1454
310,game,free%20to%20play,SMITE®,https://store.steampowered.com/app/386360/SMITE/?snr=1_200_4__1454
311,game,free%20to%20play,Brawlhalla,https://store.steampowered.com/app/291550/Brawlhalla/?snr=1_200_4__1454
312,game,free%20to%20play,Yu-Gi-Oh! Duel Links,https://store.steampowered.com/app/601510/YuGiOh_Duel_Links/?snr=1_200_4__1454
313,game,free%20to%20play,Albion Online,https://store.steampowered.com/app/761890/Albion_Online/?snr=1_200_4__1454
314,game,free%20to%20play,VRChat,https://store.steampowered.com/app/438100/VRChat/?snr=1_200_4__1454
315,game,free%20to%20play,Lapya,https://store.steampowered.com/app/1071080/Lapya/?snr=1_200_4__105
316,game,free%20to%20play,996??????,https://store.steampowered.com/app/1086470/996/?snr=1_200_4__105
317,game,free%20to%20play,"1, 2, 3... Bruegel!",https://store.steampowered.com/app/1071310/1_2_3_Bruegel/?snr=1_200_4__105
318,game,free%20to%20play,Claude Monet - The Water Lily obsession,https://store.steampowered.com/app/1071170/Claude_Monet__The_Water_Lily_obsession/?snr=1_200_4__105
319,game,free%20to%20play,The Isle of the Dead,https://store.steampowered.com/app/1071320/The_Isle_of_the_Dead/?snr=1_200_4__105
320,game,free%20to%20play,Cowpocalypse - Episode 1,https://store.steampowered.com/app/1075430/Cowpocalypse__Episode_1/?snr=1_200_4__105
321,game,free%20to%20play,missed messages.,https://store.steampowered.com/app/812810/missed_messages/?snr=1_200_4__105
322,game,free%20to%20play,World of Myths,https://store.steampowered.com/app/907310/World_of_Myths/?snr=1_200_4__105
323,game,free%20to%20play,Conqueror's Blade,https://store.steampowered.com/app/905370/Conquerors_Blade/?snr=1_200_4__105
324,game,free%20to%20play,League of Survivors,https://store.steampowered.com/app/802410/League_of_Survivors/?snr=1_200_4__105
325,game,free%20to%20play,Battle Balls,https://store.steampowered.com/app/1025900/Battle_Balls/?snr=1_200_4__105
326,game,free%20to%20play,LocoMotives,https://store.steampowered.com/app/1041100/LocoMotives/?snr=1_200_4__105
327,game,free%20to%20play,Axan Ships - Low Poly,https://store.steampowered.com/app/1080060/Axan_Ships__Low_Poly/?snr=1_200_4__105
328,game,free%20to%20play,Aliens Attack VR,https://store.steampowered.com/app/932190/Aliens_Attack_VR/?snr=1_200_4__105
329,game,free%20to%20play,Realm of Virtuals,https://store.steampowered.com/app/1038110/Realm_of_Virtuals/?snr=1_200_4__105
